{
  "login": {
    "emailField": "//*[@id=\"react-root\"]/div/div/div/main/div/div/div/div[2]/div[2]/div/div[5]/label/div/div[2]/div/input",
    "usernameField": "//*[@id=\"react-root\"]/div/div/div/main/div/div/div/div[2]/div[2]/div[1]/div/div/div[2]/label/div/div[2]/div/input",
    "passwordField": "//*[@id=\"react-root\"]/div/div/div/main/div/div/div/div[2]/div[2]/div[1]/div/div/div/div[3]/div/label/div/div[2]/div[1]/input"
  },
  "account": {
    "profile": "//*[@id=\"react-root\"]/div/div/div[2]/header/div/div/div/div[2]/div/div/div/div/div[2]/div/div[2]/div/div/div[4]/div",
    "logout": "//*[@id=\"react-root\"]/div[2]/div/div/div[2]/div/div[2]/div/div/div/div/div/a[2]/div[1]/div/span",
    "confirmLogOut": "//*[@id=\"react-root\"]/div[2]/div/div/div/div/div/div[2]/div[2]/div[2]/div[1]/div",
    "explore": "//*[@id=\"react-root\"]/div/div/div[2]/header/div/div/div/div[1]/div[2]/nav/a[2]/div",
    "searchBar": "//*[@id=\"react-root\"]/div/div/div[2]/main/div/div/div/div/div/div[1]/div[1]/div/div/div/div/div[1]/div[2]/div/div/div/form/div[1]/div/div/label/div[2]/div/input",
    "home": "//*[@id=\"react-root\"]/div/div/div[2]/header/div/div/div/div[1]/div[2]/nav/a[1]/div",
    "writeTweet": "//*[@id=\"react-root\"]/div/div/div[2]/header/div/div/div/div[1]/div[3]/a/div",
    "writeTweetBody": "//*[@id=\"react-root\"]/div[2]/div/div/div/div/div/div[2]/div[2]/div/div/div/div[3]/div/div[1]/div/div/div/div/div[2]/div[1]/div/div/div/div/div/div/div/div/div/label/div[1]/div/div/div/div/div[2]/div/div/div/div",
    "writeTweetBody": "//*[@id=\"react-root\"]/div/div/div[2]/main/div/div/div[3]/div/div/div[1]/div/div/div/div/div[2]/div[1]/div/div/div/div/div/div[2]/div/div/div/label/div[1]/div/div/div/div/div[2]/div/div/div/div",
    "postTweet": "//*[@id=\"react-root\"]/div[2]/div/div/div/div/div/div[2]/div[2]/div/div/div/div[3]/div/div[1]/div/div/div/div/div[2]/div[3]/div/div/div[2]/div[4]/div"
  }
}